{
  "bandit_vs_backdoor": {
    "auc": 0.6116164727142757,
    "precision": 0.17314022383146807,
    "recall": 0.3420026007802341,
    "f1": 0.22989510489510492
  },
  "bandit_vs_vuln": {
    "auc": 0.7310489914476048,
    "precision": 0.29822251481237655,
    "recall": 0.571969696969697,
    "f1": 0.39203807875378627
  },
  "vuln_detector_vs_backdoor": {
    "auc": 0.6925427708057235,
    "precision": 0.5588697017268446,
    "recall": 0.46293888166449937,
    "f1": 0.5064011379800853
  },
  "vuln_detector_vs_vuln": {
    "auc": 0.9705088984768362,
    "precision": 0.869701726844584,
    "recall": 0.6994949494949495,
    "f1": 0.7753673897830651
  },
  "backdoor_detector_vs_backdoor": {
    "auc": 0.9996702359990295,
    "precision": 0.9818181818181818,
    "recall": 0.9830949284785435,
    "f1": 0.9824561403508772
  },
  "backdoor_detector_vs_vuln": {
    "auc": 0.8351043093244134,
    "precision": 0.4597402597402597,
    "recall": 0.44696969696969696,
    "f1": 0.45326504481434055
  }
}